{"1": {"unigram": 350, "sentence_len": [11, 6, 9, 8, 12, 8, 9, 7, 9, 10, 11, 11, 7, 7, 9, 15, 10, 8, 14, 8, 8, 10, 8, 13, 12, 13, 5, 11, 16, 14, 13, 14, 15, 15, 16, 14, 14, 12, 12, 10, 11, 16, 18, 9, 13, 13, 16, 14, 17, 18, 7, 7, 14, 11, 13, 12, 18, 9, 11, 11, 13, 15, 21, 12, 13, 7, 8, 9, 12, 12, 13, 11, 8, 9, 13, 6, 7, 12, 8, 15, 6, 8, 6, 14, 6, 12, 15, 13, 15, 12, 10, 9, 9], "sentence_num": 93, "bleu_score": 0.02889358500385506}, "2": {"unigram": 353, "sentence_len": [8, 7, 13, 17, 11, 15, 7, 9, 8, 6, 5, 6, 8, 13, 9, 14, 19, 9, 8, 7, 6, 9, 8, 6, 6, 5, 9, 10, 13, 8, 7, 14, 8, 12, 14, 12, 10, 8, 15, 10, 11, 7, 17, 8, 12, 18, 12, 15, 14, 10, 17, 25, 9, 13, 16, 9, 15, 12, 15, 13, 11, 10, 17, 7, 10, 26, 14, 14, 18, 11, 12, 12, 12, 16, 20, 10, 18, 16, 13, 18, 9, 8, 14, 12, 14, 14, 13, 15, 8, 6, 10, 11, 12, 8, 12, 11, 7, 11], "sentence_num": 98, "bleu_score": 0.020957399432519643}, "3": {"unigram": 346, "sentence_len": [8, 10, 9, 13, 14, 11, 7, 8, 9, 11, 13, 10, 16, 14, 16, 12, 14, 9, 9, 9, 11, 13, 11, 8, 10, 10, 9, 8, 9, 8, 13, 10, 10, 10, 13, 8, 14, 11, 12, 16, 12, 13, 17, 8, 14, 8, 10, 13, 12, 11, 12, 16, 17, 12, 18, 18, 16, 18, 12, 17, 17, 13, 13, 12, 15, 13, 10, 15, 22, 11, 14, 7, 8, 9, 10, 12, 15, 13, 20, 16, 9, 10, 9, 10, 16, 10, 9, 9, 8, 20, 12, 9, 8, 8, 13, 18, 10, 8, 9], "sentence_num": 99, "bleu_score": 0.0519208322448687}, "4": {"unigram": 326, "sentence_len": [9, 8, 13, 11, 8, 8, 10, 14, 7, 8, 8, 11, 19, 10, 10, 11, 8, 7, 6, 10, 7, 7, 7, 10, 7, 12, 10, 8, 9, 6, 7, 8, 7, 10, 9, 10, 7, 6, 7, 8, 9, 6, 7, 9, 8, 7, 17, 9, 9, 13, 15, 10, 11, 18, 11, 14, 9, 16, 9, 11, 13, 14, 13, 15, 17, 11, 9, 13, 14, 14, 9, 15, 11, 9, 9, 14, 18, 14, 9, 8, 8, 8, 8, 8, 8, 7, 14, 10, 14, 10, 9, 6, 11, 10, 9, 8, 19, 8, 6, 12, 8, 7, 13, 10, 6, 8, 10, 10], "sentence_num": 108, "bleu_score": 0.05584220237015534}, "5": {"unigram": 253, "sentence_len": [8, 12, 13, 14, 13, 14, 13, 21, 9, 8, 11, 10, 6, 12, 10, 15, 13, 7, 12, 17, 12, 7, 13, 8, 14, 19, 14, 16, 12, 10, 10, 7, 13, 11, 20, 12, 14, 12, 14, 15, 20, 13, 12, 12, 19, 13, 12, 10, 13, 23, 19, 19, 14, 6, 11, 9, 10, 10, 10, 13, 4, 18, 10, 6, 10, 14, 12, 8, 9, 4, 11, 10, 11, 10, 18, 11, 13, 12, 16, 20, 7], "sentence_num": 81, "bleu_score": 0.07622220053046005}, "6": {"unigram": 311, "sentence_len": [10, 7, 13, 11, 14, 13, 13, 13, 10, 8, 12, 15, 13, 11, 8, 8, 7, 7, 8, 9, 8, 7, 7, 9, 12, 15, 9, 16, 11, 7, 8, 9, 13, 9, 8, 14, 16, 11, 11, 14, 14, 19, 9, 13, 11, 16, 10, 16, 15, 12, 14, 8, 11, 9, 15, 27, 13, 10, 7, 11, 9, 11, 20, 17, 11, 15, 14, 11, 6, 8, 10, 16, 7, 6, 5, 7, 8, 11, 11, 16, 8, 13, 12, 10, 11, 8], "sentence_num": 86, "bleu_score": 0.06631513745317119}, "7": {"unigram": 293, "sentence_len": [10, 14, 12, 13, 25, 13, 11, 11, 11, 11, 8, 13, 17, 15, 13, 7, 9, 9, 5, 8, 14, 8, 5, 14, 10, 11, 9, 8, 15, 10, 8, 9, 11, 13, 15, 16, 15, 10, 14, 14, 15, 18, 15, 12, 15, 12, 19, 15, 13, 11, 8, 14, 17, 19, 11, 14, 15, 9, 9, 10, 10, 10, 9, 6, 10, 9, 12, 10, 13, 10, 8, 8, 11, 16, 7, 9, 9, 9, 11, 15, 11, 12, 11, 9, 22], "sentence_num": 85, "bleu_score": 0.11434318755166774}, "8": {"unigram": 358, "sentence_len": [7, 10, 9, 14, 29, 12, 8, 9, 9, 8, 7, 13, 18, 17, 19, 8, 7, 8, 7, 8, 10, 6, 12, 8, 13, 6, 7, 8, 8, 9, 15, 8, 12, 11, 9, 7, 15, 13, 17, 11, 14, 14, 17, 12, 15, 17, 14, 14, 28, 16, 17, 19, 19, 12, 16, 9, 35, 14, 10, 11, 10, 7, 10, 9, 17, 15, 17, 26, 20, 9, 15, 13, 15, 11, 11, 16, 12, 14, 18, 15, 9, 10, 13, 14, 16, 22, 15, 11, 13], "sentence_num": 89, "bleu_score": 0.03436332624889718}, "9": {"unigram": 322, "sentence_len": [12, 12, 13, 15, 16, 13, 7, 12, 10, 9, 8, 15, 17, 18, 7, 11, 7, 11, 7, 8, 12, 8, 22, 10, 13, 13, 11, 9, 14, 15, 19, 17, 15, 11, 17, 11, 17, 10, 15, 8, 11, 11, 16, 14, 12, 13, 18, 11, 17, 17, 30, 13, 15, 14, 10, 12, 15, 14, 9, 17, 16, 29, 24, 21, 9, 8, 16, 6, 16, 9, 9, 7, 11, 11, 11, 16, 16, 16, 10, 15, 10, 8, 9], "sentence_num": 83, "bleu_score": 0.03081050371791184}, "10": {"unigram": 348, "sentence_len": [11, 11, 13, 16, 11, 12, 6, 10, 12, 10, 13, 12, 12, 14, 15, 9, 15, 15, 9, 9, 12, 8, 14, 11, 14, 13, 13, 29, 15, 13, 9, 9, 16, 7, 11, 15, 19, 10, 11, 10, 10, 12, 12, 13, 13, 13, 12, 13, 12, 20, 21, 15, 14, 21, 14, 17, 13, 18, 9, 14, 8, 19, 11, 11, 15, 10, 15, 15, 17, 11, 13, 14, 7, 11, 16, 15, 17, 16, 11, 13, 10, 16, 11, 10, 15, 16, 16, 14, 13, 11, 16, 11, 13, 11, 10, 12, 13, 10], "sentence_num": 98, "bleu_score": 0.03522037131713728}}